{
  "metadados": {
    "versao": "1.0",
    "ultima_atualizacao": "2025-10-23",
    "total_produtos": 80,
    "total_categorias": 13,
    "total_marcas": 40
  },
  "categorias": [
    {
      "id": 1,
      "nome": "Smartphones",
      "slug": "smartphones",
      "icone": "",
      "parent_id": null
    },
    {
      "id": 2,
      "nome": "Laptops",
      "slug": "laptops",
      "icone": "",
      "parent_id": null
    },
    {
      "id": 3,
      "nome": "Tablets",
      "slug": "tablets",
      "icone": "",
      "parent_id": null
    },
    {
      "id": 4,
      "nome": "Wearables",
      "slug": "wearables",
      "icone": "",
      "parent_id": null
    },
    {
      "id": 5,
      "nome": "Audio",
      "slug": "audio",
      "icone": "",
      "parent_id": null
    },
    {
      "id": 6,
      "nome": "Consolas",
      "slug": "consolas",
      "icone": "",
      "parent_id": null
    },
    {
      "id": 7,
      "nome": "TVs",
      "slug": "tvs",
      "icone": "",
      "parent_id": null
    },
    {
      "id": 8,
      "nome": "Frigoríficos",
      "slug": "frigorificos",
      "icone": "",
      "parent_id": null
    },
    {
      "id": 9,
      "nome": "Máquinas de Lavar",
      "slug": "maquinas-lavar",
      "icone": "",
      "parent_id": null
    },
    {
      "id": 10,
      "nome": "Micro-ondas",
      "slug": "micro-ondas",
      "icone": "",
      "parent_id": null
    },
    {
      "id": 11,
      "nome": "Aspiradores",
      "slug": "aspiradores",
      "icone": "",
      "parent_id": null
    },
    {
      "id": 12,
      "nome": "Ar Condicionado",
      "slug": "ar-condicionado",
      "icone": "",
      "parent_id": null
    },
    {
      "id": 13,
      "nome": "Máquinas de Café",
      "slug": "maquinas-cafe",
      "icone": "",
      "parent_id": null
    }
  ],
  "marcas": [
    {
      "id": 1,
      "nome": "Apple",
      "slug": "apple",
      "logo_url": ""
    },
    {
      "id": 2,
      "nome": "Samsung",
      "slug": "samsung",
      "logo_url": ""
    },
    {
      "id": 3,
      "nome": "Google",
      "slug": "google",
      "logo_url": ""
    },
    {
      "id": 4,
      "nome": "OnePlus",
      "slug": "oneplus",
      "logo_url": ""
    },
    {
      "id": 5,
      "nome": "Dell",
      "slug": "dell",
      "logo_url": ""
    },
    {
      "id": 6,
      "nome": "Lenovo",
      "slug": "lenovo",
      "logo_url": ""
    },
    {
      "id": 7,
      "nome": "Sony",
      "slug": "sony",
      "logo_url": ""
    },
    {
      "id": 8,
      "nome": "Microsoft",
      "slug": "microsoft",
      "logo_url": ""
    },
    {
      "id": 9,
      "nome": "Nintendo",
      "slug": "nintendo",
      "logo_url": ""
    },
    {
      "id": 10,
      "nome": "Bosch",
      "slug": "bosch",
      "logo_url": ""
    },
    {
      "id": 11,
      "nome": "TP-Link",
      "slug": "tp-link",
      "logo_url": ""
    },
    {
      "id": 12,
      "nome": "Philips",
      "slug": "philips",
      "logo_url": ""
    },
    {
      "id": 13,
      "nome": "JBL",
      "slug": "jbl",
      "logo_url": ""
    },
    {
      "id": 14,
      "nome": "Bose",
      "slug": "bose",
      "logo_url": ""
    },
    {
      "id": 15,
      "nome": "Xiaomi",
      "slug": "xiaomi",
      "logo_url": ""
    },
    {
      "id": 16,
      "nome": "HP",
      "slug": "hp",
      "logo_url": ""
    },
    {
      "id": 17,
      "nome": "Garmin",
      "slug": "garmin",
      "logo_url": ""
    },
    {
      "id": 18,
      "nome": "LG",
      "slug": "lg",
      "logo_url": ""
    },
    {
      "id": 19,
      "nome": "Dyson",
      "slug": "dyson",
      "logo_url": ""
    },
    {
      "id": 20,
      "nome": "Asus",
      "slug": "asus",
      "logo_url": ""
    },
    {
      "id": 21,
      "nome": "Sonos",
      "slug": "sonos",
      "logo_url": ""
    },
    {
      "id": 22,
      "nome": "Amazon",
      "slug": "amazon",
      "logo_url": ""
    },
    {
      "id": 23,
      "nome": "Marshall",
      "slug": "marshall",
      "logo_url": ""
    },
    {
      "id": 24,
      "nome": "Motorola",
      "slug": "motorola",
      "logo_url": ""
    },
    {
      "id": 25,
      "nome": "Realme",
      "slug": "realme",
      "logo_url": ""
    },
    {
      "id": 26,
      "nome": "Harman Kardon",
      "slug": "harman-kardon",
      "logo_url": ""
    },
    {
      "id": 27,
      "nome": "Whirlpool",
      "slug": "whirlpool",
      "logo_url": ""
    },
    {
      "id": 28,
      "nome": "Beko",
      "slug": "beko",
      "logo_url": ""
    },
    {
      "id": 29,
      "nome": "Siemens",
      "slug": "siemens",
      "logo_url": ""
    },
    {
      "id": 30,
      "nome": "Indesit",
      "slug": "indesit",
      "logo_url": ""
    },
    {
      "id": 31,
      "nome": "Panasonic",
      "slug": "panasonic",
      "logo_url": ""
    },
    {
      "id": 32,
      "nome": "Teka",
      "slug": "teka",
      "logo_url": ""
    },
    {
      "id": 33,
      "nome": "Rowenta",
      "slug": "rowenta",
      "logo_url": ""
    },
    {
      "id": 34,
      "nome": "iRobot",
      "slug": "irobot",
      "logo_url": ""
    },
    {
      "id": 35,
      "nome": "Daikin",
      "slug": "daikin",
      "logo_url": ""
    },
    {
      "id": 36,
      "nome": "Mitsubishi",
      "slug": "mitsubishi",
      "logo_url": ""
    },
    {
      "id": 37,
      "nome": "Fujitsu",
      "slug": "fujitsu",
      "logo_url": ""
    },
    {
      "id": 38,
      "nome": "De'Longhi",
      "slug": "delonghi",
      "logo_url": ""
    },
    {
      "id": 39,
      "nome": "Nespresso",
      "slug": "nespresso",
      "logo_url": ""
    },
    {
      "id": 40,
      "nome": "Sage",
      "slug": "sage",
      "logo_url": ""
    },
    {
      "id": 41,
      "nome": "Krups",
      "slug": "krups",
      "logo_url": ""
    },
    {
      "id": 42,
      "nome": "MSI",
      "slug": "msi",
      "logo_url": ""
    }
  ],
  "produtos": [
    {
      "id": "1",
      "categoria": "Smartphones",
      "categoria_id": 1,
      "marca": "Apple",
      "marca_id": 1,
      "modelo": "iPhone 15 Pro",
      "preco": 1249.00,
      "loja": "Apple Portugal",
      "imagem": "img/iphone15pro.jpg",
      "descricao": "O mais recente iPhone com chip A17 Pro e câmara tripla.",
      "imagem_url": "",
      "ficha_tecnica_url": ""
    },
    {
      "id": "2",
      "categoria": "Smartphones",
      "categoria_id": 1,
      "marca": "Apple",
      "marca_id": 1,
      "modelo": "iPhone 15",
      "preco": 999.00,
      "loja": "Apple Portugal",
      "imagem": "img/iphone15.jpg",
      "descricao": "Versão standard com bom equilíbrio entre preço e características.",
      "imagem_url": "",
      "ficha_tecnica_url": ""
    },
    {
      "id": "3",
      "categoria": "Smartphones",
      "categoria_id": 1,
      "marca": "Samsung",
      "marca_id": 2,
      "modelo": "Galaxy S24 Ultra",
      "preco": 1099.90,
      "loja": "Samsung Portugal",
      "imagem": "img/galaxys24ultra.jpg",
      "descricao": "Camera profissional e ecrã Dynamic AMOLED 2X.",
      "imagem_url": "",
      "ficha_tecnica_url": ""
    },
    {
      "id": "4",
      "categoria": "Smartphones",
      "categoria_id": 1,
      "marca": "Samsung",
      "marca_id": 2,
      "modelo": "Galaxy S24+",
      "preco": 899.90,
      "loja": "Samsung Portugal",
      "imagem": "img/galaxys24plus.jpg",
      "descricao": "Ótima escolha para quem quer grande ecrã e bateria sólida.",
      "imagem_url": "",
      "ficha_tecnica_url": ""
    },
    {
      "id": "5",
      "categoria": "Smartphones",
      "categoria_id": 1,
      "marca": "Google",
      "marca_id": 3,
      "modelo": "Pixel 8 Pro",
      "preco": 1139.00,
      "loja": "Google Store Portugal",
      "imagem": "img/pixel8pro.jpg",
      "descricao": "Fotografia computacional avançada e atualizações garantidas.",
      "imagem_url": "",
      "ficha_tecnica_url": ""
    },
    {
      "id": "6",
      "categoria": "Smartphones",
      "categoria_id": 1,
      "marca": "OnePlus",
      "marca_id": 4,
      "modelo": "OnePlus 12",
      "preco": 636.00,
      "loja": "Worten",
      "imagem": "img/oneplus12.jpg",
      "descricao": "Desempenho topo de gama a preço competitivo.",
      "imagem_url": "",
      "ficha_tecnica_url": ""
    },
    {
      "id": "7",
      "categoria": "Laptops",
      "categoria_id": 2,
      "marca": "Apple",
      "marca_id": 1,
      "modelo": "MacBook Air 13\" M4",
      "preco": 1249.00,
      "loja": "Apple Portugal",
      "imagem": "img/macbookair13m4.jpg",
      "descricao": "Leve, potente e com grande autonomia.",
      "imagem_url": "",
      "ficha_tecnica_url": ""
    },
    {
      "id": "8",
      "categoria": "Laptops",
      "categoria_id": 2,
      "marca": "Apple",
      "marca_id": 1,
      "modelo": "MacBook Pro 14\" M4",
      "preco": 1949.00,
      "loja": "Apple Portugal",
      "imagem": "img/macbookpro14m4.jpg",
      "descricao": "Para criativos que precisam de desempenho.",
      "imagem_url": "",
      "ficha_tecnica_url": ""
    },
    {
      "id": "9",
      "categoria": "Laptops",
      "categoria_id": 2,
      "marca": "Dell",
      "marca_id": 5,
      "modelo": "XPS 13",
      "preco": 1299.00,
      "loja": "FNAC",
      "imagem": "img/dellxps13.jpg",
      "descricao": "Ultrabook premium com construção sólida.",
      "imagem_url": "",
      "ficha_tecnica_url": ""
    },
    {
      "id": "10",
      "categoria": "Laptops",
      "categoria_id": 2,
      "marca": "Lenovo",
      "marca_id": 6,
      "modelo": "ThinkPad X1 Carbon",
      "preco": 1599.00,
      "loja": "Worten",
      "imagem": "img/x1carbon.jpg",
      "descricao": "Clássico para produtividade empresarial.",
      "imagem_url": "",
      "ficha_tecnica_url": ""
    },
    {
      "id": "11",
      "categoria": "Tablets",
      "categoria_id": 3,
      "marca": "Apple",
      "marca_id": 1,
      "modelo": "iPad Pro 11\" M4",
      "preco": 1229.00,
      "loja": "Apple Portugal",
      "imagem": "img/ipadpro11.jpg",
      "descricao": "Tableta potente para produtividade e criação.",
      "imagem_url": "",
      "ficha_tecnica_url": ""
    },
    {
      "id": "12",
      "categoria": "Tablets",
      "categoria_id": 3,
      "marca": "Apple",
      "marca_id": 1,
      "modelo": "iPad Air",
      "preco": 729.00,
      "loja": "Apple Portugal",
      "imagem": "img/ipadair.jpg",
      "descricao": "Equilíbrio entre preço e potência.",
      "imagem_url": "",
      "ficha_tecnica_url": ""
    },
    {
      "id": "13",
      "categoria": "Wearables",
      "categoria_id": 4,
      "marca": "Apple",
      "marca_id": 1,
      "modelo": "Apple Watch Series 9",
      "preco": 459.00,
      "loja": "Apple Portugal",
      "imagem": "img/awseries9.jpg",
      "descricao": "Monitorização de saúde e integração com iPhone.",
      "imagem_url": "",
      "ficha_tecnica_url": ""
    },
    {
      "id": "14",
      "categoria": "Wearables",
      "categoria_id": 4,
      "marca": "Samsung",
      "marca_id": 2,
      "modelo": "Galaxy Watch 7",
      "preco": 249.99,
      "loja": "MediaMarkt",
      "imagem": "img/galaxywatch7.jpg",
      "descricao": "Boa autonomia e funcionalidades de fitness.",
      "imagem_url": "",
      "ficha_tecnica_url": ""
    },
    {
      "id": "15",
      "categoria": "Audio",
      "categoria_id": 5,
      "marca": "Apple",
      "marca_id": 1,
      "modelo": "AirPods Pro (3ª G)",
      "preco": 249.00,
      "loja": "Apple Portugal",
      "imagem": "img/airpodspro3.jpg",
      "descricao": "Cancelamento de ruído ativo e som equilibrado.",
      "imagem_url": "",
      "ficha_tecnica_url": ""
    },
    {
      "id": "16",
      "categoria": "Audio",
      "categoria_id": 5,
      "marca": "Sony",
      "marca_id": 7,
      "modelo": "WH-1000XM5",
      "preco": 379.00,
      "loja": "FNAC",
      "imagem": "img/wh1000xm5.jpg",
      "descricao": "Cancelamento de ruído de referência.",
      "imagem_url": "",
      "ficha_tecnica_url": ""
    },
    {
      "id": "17",
      "categoria": "Consolas",
      "categoria_id": 6,
      "marca": "Microsoft",
      "marca_id": 8,
      "modelo": "Xbox Series X",
      "preco": 549.99,
      "loja": "MediaMarkt",
      "imagem": "img/xboxseriesx.jpg",
      "descricao": "Consola potente para jogos em 4K.",
      "imagem_url": "",
      "ficha_tecnica_url": ""
    },
    {
      "id": "18",
      "categoria": "Consolas",
      "categoria_id": 6,
      "marca": "Nintendo",
      "marca_id": 9,
      "modelo": "Switch OLED",
      "preco": 299.00,
      "loja": "KuantoKusta",
      "imagem": "img/switcholed.jpg",
      "descricao": "Portátil/plugável com ecrã OLED.",
      "imagem_url": "",
      "ficha_tecnica_url": ""
    },
    {
      "id": "19",
      "categoria": "TVs",
      "categoria_id": 7,
      "marca": "Samsung",
      "marca_id": 2,
      "modelo": "QLED 50Q60D",
      "preco": 399.99,
      "loja": "MediaMarkt",
      "imagem": "img/samsungq60.jpg",
      "descricao": "QLED 4K com Tizen OS.",
      "imagem_url": "",
      "ficha_tecnica_url": ""
    },
    {
      "id": "20",
      "categoria": "TVs",
      "categoria_id": 7,
      "marca": "Sony",
      "marca_id": 7,
      "modelo": "BRAVIA 65\" 9",
      "preco": 3699.00,
      "loja": "Sony Portugal",
      "imagem": "img/sonybravia65.jpg",
      "descricao": "Mini LED, 4K HDR de alto nível.",
      "imagem_url": "",
      "ficha_tecnica_url": ""
    },
    {
      "id": "21",
      "categoria": "Eletrodomésticos",
      "categoria_id": 8,
      "marca": "Bosch",
      "marca_id": 10,
      "modelo": "Frigorífico Serie 6",
      "preco": 899.00,
      "loja": "Worten",
      "imagem": "img/boschfridge.jpg",
      "descricao": "Grande capacidade e eficiência energética.",
      "imagem_url": "",
      "ficha_tecnica_url": ""
    },
    {
      "id": "22",
      "categoria": "Rede",
      "categoria_id": 14,
      "marca": "TP-Link",
      "marca_id": 11,
      "modelo": "Archer AX55",
      "preco": 99.99,
      "loja": "Worten",
      "imagem": "img/ax55.jpg",
      "descricao": "Router Wi-Fi 6 para casa.",
      "imagem_url": "",
      "ficha_tecnica_url": ""
    },
    {
      "id": "23",
      "categoria": "Casa Inteligente",
      "categoria_id": 15,
      "marca": "Philips",
      "marca_id": 12,
      "modelo": "Hue Starter Kit",
      "preco": 199.99,
      "loja": "Philips Portugal",
      "imagem": "img/huekit.jpg",
      "descricao": "Inclui bridge e 3 lâmpadas inteligentes.",
      "imagem_url": "",
      "ficha_tecnica_url": ""
    },
    {
      "id": "24",
      "categoria": "Audio",
      "categoria_id": 5,
      "marca": "JBL",
      "marca_id": 13,
      "modelo": "Charge 5",
      "preco": 179.99,
      "loja": "JBL Portugal",
      "imagem": "img/charge5.jpg",
      "descricao": "Coluna portátil resistente à água.",
      "imagem_url": "",
      "ficha_tecnica_url": ""
    },
    {
      "id": "25",
      "categoria": "Audio",
      "categoria_id": 5,
      "marca": "Bose",
      "marca_id": 14,
      "modelo": "QuietComfort 45",
      "preco": 329.00,
      "loja": "Bose Portugal",
      "imagem": "img/boseqc45.jpg",
      "descricao": "Conforto e cancelamento de ruído.",
      "imagem_url": "",
      "ficha_tecnica_url": ""
    },
    {
      "id": "26",
      "categoria": "Smartphones",
      "categoria_id": 1,
      "marca": "Xiaomi",
      "marca_id": 15,
      "modelo": "12T Pro",
      "preco": 699.00,
      "loja": "Worten",
      "imagem": "img/12tpro.jpg",
      "descricao": "Câmara e desempenho sólidos a preço competitivo.",
      "imagem_url": "",
      "ficha_tecnica_url": ""
    },
    {
      "id": "27",
      "categoria": "Laptops",
      "categoria_id": 2,
      "marca": "HP",
      "marca_id": 16,
      "modelo": "Spectre x360",
      "preco": 1399.00,
      "loja": "FNAC",
      "imagem": "img/spectrex360.jpg",
      "descricao": "Conversível premium com ecrã táctil.",
      "imagem_url": "",
      "ficha_tecnica_url": ""
    },
    {
      "id": "28",
      "categoria": "Tablets",
      "categoria_id": 3,
      "marca": "Samsung",
      "marca_id": 2,
      "modelo": "Galaxy Tab S9",
      "preco": 899.00,
      "loja": "Samsung Portugal",
      "imagem": "img/tabS9.jpg",
      "descricao": "Tablet Android topo de gama.",
      "imagem_url": "",
      "ficha_tecnica_url": ""
    },
    {
      "id": "29",
      "categoria": "Wearables",
      "categoria_id": 4,
      "marca": "Garmin",
      "marca_id": 17,
      "modelo": "Fenix 7",
      "preco": 599.99,
      "loja": "Worten",
      "imagem": "img/fenix7.jpg",
      "descricao": "Orientado para desporto e aventura.",
      "imagem_url": "",
      "ficha_tecnica_url": ""
    },
    {
      "id": "30",
      "categoria": "Consolas",
      "categoria_id": 6,
      "marca": "Sony",
      "marca_id": 7,
      "modelo": "PlayStation 5",
      "preco": 549.99,
      "loja": "MediaMarkt",
      "imagem": "img/ps5.jpg",
      "descricao": "Consola de nova geração para jogos exclusivos.",
      "imagem_url": "",
      "ficha_tecnica_url": ""
    },
    {
      "id": "31",
      "categoria": "TVs",
      "categoria_id": 7,
      "marca": "LG",
      "marca_id": 18,
      "modelo": "OLED C2 55\"",
      "preco": 1499.00,
      "loja": "Worten",
      "imagem": "img/lgoledc2.jpg",
      "descricao": "OLED para cores perfeitas e preto profundo.",
      "imagem_url": "",
      "ficha_tecnica_url": ""
    },
    {
      "id": "32",
      "categoria": "Eletrodomésticos",
      "categoria_id": 11,
      "marca": "Dyson",
      "marca_id": 19,
      "modelo": "V15 Detect",
      "preco": 749.00,
      "loja": "Dyson Portugal",
      "imagem": "img/dysonv15.jpg",
      "descricao": "Aspirador vertical com sensor de pó.",
      "imagem_url": "",
      "ficha_tecnica_url": ""
    },
    {
      "id": "33",
      "categoria": "Rede",
      "categoria_id": 14,
      "marca": "Asus",
      "marca_id": 20,
      "modelo": "RT-AX86U",
      "preco": 249.99,
      "loja": "Worten",
      "imagem": "img/rtax86u.jpg",
      "descricao": "Router gaming Wi-Fi 6 com QoS avançado.",
      "imagem_url": "",
      "ficha_tecnica_url": ""
    },
    {
      "id": "34",
      "categoria": "Smartphones",
      "categoria_id": 1,
      "marca": "Google",
      "marca_id": 3,
      "modelo": "Pixel 7a",
      "preco": 499.00,
      "loja": "Google Store Portugal",
      "imagem": "img/pixel7a.jpg",
      "descricao": "Boa câmara e preço acessível.",
      "imagem_url": "",
      "ficha_tecnica_url": ""
    },
    {
      "id": "35",
      "categoria": "Audio",
      "categoria_id": 5,
      "marca": "Sonos",
      "marca_id": 21,
      "modelo": "Beam (Gen 2)",
      "preco": 499.00,
      "loja": "FNAC",
      "imagem": "img/sonosbeam.jpg",
      "descricao": "Soundbar compacta para cinema em casa.",
      "imagem_url": "",
      "ficha_tecnica_url": ""
    },
    {
      "id": "36",
      "categoria": "Laptops",
      "categoria_id": 2,
      "marca": "Asus",
      "marca_id": 20,
      "modelo": "ROG Zephyrus G14",
      "preco": 1499.00,
      "loja": "Worten",
      "imagem": "img/g14.jpg",
      "descricao": "Portátil gaming compacto e potente.",
      "imagem_url": "",
      "ficha_tecnica_url": ""
    },
    {
      "id": "37",
      "categoria": "Smartphones",
      "categoria_id": 1,
      "marca": "Samsung",
      "marca_id": 2,
      "modelo": "Galaxy A54",
      "preco": 349.00,
      "loja": "Samsung Portugal",
      "imagem": "img/galaxya54.jpg",
      "descricao": "Equilíbrio entre preço e características.",
      "imagem_url": "",
      "ficha_tecnica_url": ""
    },
    {
      "id": "38",
      "categoria": "Tablets",
      "categoria_id": 3,
      "marca": "Amazon",
      "marca_id": 22,
      "modelo": "Fire HD 10",
      "preco": 149.99,
      "loja": "KuantoKusta",
      "imagem": "img/firehd10.jpg",
      "descricao": "Tablet acessível para consumo de media.",
      "imagem_url": "",
      "ficha_tecnica_url": ""
    },
    {
      "id": "39",
      "categoria": "Audio",
      "categoria_id": 5,
      "marca": "Marshall",
      "marca_id": 23,
      "modelo": "Emberton II",
      "preco": 179.99,
      "loja": "Worten",
      "imagem": "img/emberton2.jpg",
      "descricao": "Coluna portátil com som icónico Marshall.",
      "imagem_url": "",
      "ficha_tecnica_url": ""
    },
    {
      "id": "40",
      "categoria": "Smartphones",
      "categoria_id": 1,
      "marca": "Motorola",
      "marca_id": 24,
      "modelo": "Edge 40",
      "preco": 449.00,
      "loja": "Worten",
      "imagem": "img/edge40.jpg",
      "descricao": "Ecrã fluido e design fino.",
      "imagem_url": "",
      "ficha_tecnica_url": ""
    },
    {
      "id": "41",
      "categoria": "Frigoríficos",
      "categoria_id": 8,
      "marca": "Samsung",
      "marca_id": 2,
      "modelo": "Frigorífico RB38",
      "preco": 799.00,
      "loja": "MediaMarkt",
      "imagem": "img/fridge_samsung.jpg",
      "descricao": "Frigorífico combinado com tecnologia All-around Cooling.",
      "imagem_url": "",
      "ficha_tecnica_url": ""
    },
    {
      "id": "42",
      "categoria": "Rede",
      "categoria_id": 14,
      "marca": "Google",
      "marca_id": 3,
      "modelo": "Nest Wifi Pro",
      "preco": 199.00,
      "loja": "Google Store Portugal",
      "imagem": "img/nestwifi.jpg",
      "descricao": "Sistema Wi-Fi mesh para cobertura em casa.",
      "imagem_url": "",
      "ficha_tecnica_url": ""
    },
    {
      "id": "43",
      "categoria": "Casa Inteligente",
      "categoria_id": 15,
      "marca": "Xiaomi",
      "marca_id": 15,
      "modelo": "Mi Robot Vacuum",
      "preco": 299.00,
      "loja": "Worten",
      "imagem": "img/mirobot.jpg",
      "descricao": "Aspirador robot com mapeamento LIDAR.",
      "imagem_url": "",
      "ficha_tecnica_url": ""
    },
    {
      "id": "44",
      "categoria": "TVs",
      "categoria_id": 7,
      "marca": "Philips",
      "marca_id": 12,
      "modelo": "OLED+ 55",
      "preco": 1299.00,
      "loja": "Philips Portugal",
      "imagem": "img/philipsoled55.jpg",
      "descricao": "OLED com som integrado Bowers & Wilkins.",
      "imagem_url": "",
      "ficha_tecnica_url": ""
    },
    {
      "id": "45",
      "categoria": "Consolas",
      "categoria_id": 6,
      "marca": "Nintendo",
      "marca_id": 9,
      "modelo": "Switch (standard)",
      "preco": 279.00,
      "loja": "FNAC",
      "imagem": "img/switch.jpg",
      "descricao": "Versão standard da consola Nintendo.",
      "imagem_url": "",
      "ficha_tecnica_url": ""
    },
    {
      "id": "46",
      "categoria": "Audio",
      "categoria_id": 5,
      "marca": "Samsung",
      "marca_id": 2,
      "modelo": "HW-Q700C",
      "preco": 699.00,
      "loja": "Samsung Portugal",
      "imagem": "img/hwq700c.jpg",
      "descricao": "Soundbar com Dolby Atmos.",
      "imagem_url": "",
      "ficha_tecnica_url": ""
    },
    {
      "id": "47",
      "categoria": "Smartphones",
      "categoria_id": 1,
      "marca": "Sony",
      "marca_id": 7,
      "modelo": "Xperia 1 V",
      "preco": 1199.00,
      "loja": "Sony Portugal",
      "imagem": "img/xperia1v.jpg",
      "descricao": "Focado em fotografia e vídeo profissional.",
      "imagem_url": "",
      "ficha_tecnica_url": ""
    },
    {
      "id": "48",
      "categoria": "Laptops",
      "categoria_id": 2,
      "marca": "MSI",
      "marca_id": 42,
      "modelo": "Prestige 14",
      "preco": 1199.00,
      "loja": "Worten",
      "imagem": "img/prestige14.jpg",
      "descricao": "Portátil para criativos com ecrã de qualidade.",
      "imagem_url": "",
      "ficha_tecnica_url": ""
    },
    {
      "id": "49",
      "categoria": "Smartphones",
      "categoria_id": 1,
      "marca": "Realme",
      "marca_id": 25,
      "modelo": "GT 5",
      "preco": 599.00,
      "loja": "Worten",
      "imagem": "img/realmegt5.jpg",
      "descricao": "Desempenho topo com preço competitivo.",
      "imagem_url": "",
      "ficha_tecnica_url": ""
    },
    {
      "id": "50",
      "categoria": "Audio",
      "categoria_id": 5,
      "marca": "Harman Kardon",
      "marca_id": 26,
      "modelo": "Onyx Studio 7",
      "preco": 299.00,
      "loja": "FNAC",
      "imagem": "img/onyx7.jpg",
      "descricao": "Coluna premium com design elegante.",
      "imagem_url": "",
      "ficha_tecnica_url": ""
    },
    {
      "id": "51",
      "categoria": "Frigoríficos",
      "categoria_id": 8,
      "marca": "LG",
      "marca_id": 18,
      "modelo": "GSL760PZXV Side by Side",
      "preco": 1399.00,
      "loja": "Worten",
      "imagem": "img/lg_fridge_side.jpg",
      "descricao": "Frigorífico americano com dispensador de água e gelo.",
      "imagem_url": "",
      "ficha_tecnica_url": ""
    },
    {
      "id": "52",
      "categoria": "Frigoríficos",
      "categoria_id": 8,
      "marca": "Samsung",
      "marca_id": 2,
      "modelo": "RB38T775CB1",
      "preco": 849.00,
      "loja": "MediaMarkt",
      "imagem": "img/samsung_rb38.jpg",
      "descricao": "Frigorífico combinado com tecnologia SpaceMax.",
      "imagem_url": "",
      "ficha_tecnica_url": ""
    },
    {
      "id": "53",
      "categoria": "Frigoríficos",
      "categoria_id": 8,
      "marca": "Bosch",
      "marca_id": 10,
      "modelo": "KGN39VLDA Serie 4",
      "preco": 699.00,
      "loja": "FNAC",
      "imagem": "img/bosch_kgn39.jpg",
      "descricao": "Eficiência energética A++ e muito espaço interior.",
      "imagem_url": "",
      "ficha_tecnica_url": ""
    },
    {
      "id": "54",
      "categoria": "Frigoríficos",
      "categoria_id": 8,
      "marca": "Whirlpool",
      "marca_id": 27,
      "modelo": "W5 921E OX",
      "preco": 749.00,
      "loja": "Worten",
      "imagem": "img/whirlpool_w5.jpg",
      "descricao": "Frigorífico combinado com FreshBox+ para alimentos frescos.",
      "imagem_url": "",
      "ficha_tecnica_url": ""
    },
    {
      "id": "55",
      "categoria": "Frigoríficos",
      "categoria_id": 8,
      "marca": "Beko",
      "marca_id": 28,
      "modelo": "RCNE520E40ZXPN",
      "preco": 599.00,
      "loja": "MediaMarkt",
      "imagem": "img/beko_rcne.jpg",
      "descricao": "No Frost e iluminação LED em todos os compartimentos.",
      "imagem_url": "",
      "ficha_tecnica_url": ""
    },
    {
      "id": "56",
      "categoria": "Máquinas de Lavar",
      "categoria_id": 9,
      "marca": "Bosch",
      "marca_id": 10,
      "modelo": "WAV28KH1ES Serie 8",
      "preco": 849.00,
      "loja": "Worten",
      "imagem": "img/bosch_wav28.jpg",
      "descricao": "Máquina de lavar roupa 9kg com i-DOS automático.",
      "imagem_url": "",
      "ficha_tecnica_url": ""
    },
    {
      "id": "57",
      "categoria": "Máquinas de Lavar",
      "categoria_id": 9,
      "marca": "Samsung",
      "marca_id": 2,
      "modelo": "WW10T684DLH AddWash",
      "preco": 799.00,
      "loja": "Samsung Portugal",
      "imagem": "img/samsung_addwash.jpg",
      "descricao": "10kg com porta AddWash para peças esquecidas.",
      "imagem_url": "",
      "ficha_tecnica_url": ""
    },
    {
      "id": "58",
      "categoria": "Máquinas de Lavar",
      "categoria_id": 9,
      "marca": "LG",
      "marca_id": 18,
      "modelo": "F4V5RGP2T TurboWash",
      "preco": 729.00,
      "loja": "MediaMarkt",
      "imagem": "img/lg_turbowash.jpg",
      "descricao": "Lavagem rápida 360 TurboWash e AI DD.",
      "imagem_url": "",
      "ficha_tecnica_url": ""
    },
    {
      "id": "59",
      "categoria": "Máquinas de Lavar",
      "categoria_id": 9,
      "marca": "Siemens",
      "marca_id": 29,
      "modelo": "WM14UT83ES iQ700",
      "preco": 949.00,
      "loja": "FNAC",
      "imagem": "img/siemens_iq700.jpg",
      "descricao": "10kg com sistema i-DOS inteligente.",
      "imagem_url": "",
      "ficha_tecnica_url": ""
    },
    {
      "id": "60",
      "categoria": "Máquinas de Lavar",
      "categoria_id": 9,
      "marca": "Indesit",
      "marca_id": 30,
      "modelo": "MTWC 91495 W",
      "preco": 299.00,
      "loja": "Worten",
      "imagem": "img/indesit_mtwc.jpg",
      "descricao": "Máquina de lavar económica 9kg classe A.",
      "imagem_url": "",
      "ficha_tecnica_url": ""
    },
    {
      "id": "61",
      "categoria": "Micro-ondas",
      "categoria_id": 10,
      "marca": "Samsung",
      "marca_id": 2,
      "modelo": "MC28H5015AK Smart Oven",
      "preco": 199.00,
      "loja": "Samsung Portugal",
      "imagem": "img/samsung_mc28.jpg",
      "descricao": "Micro-ondas com grill e modo convecção 28L.",
      "imagem_url": "",
      "ficha_tecnica_url": ""
    },
    {
      "id": "62",
      "categoria": "Micro-ondas",
      "categoria_id": 10,
      "marca": "Panasonic",
      "marca_id": 31,
      "modelo": "NN-ST45KBEPG",
      "preco": 149.00,
      "loja": "Worten",
      "imagem": "img/panasonic_nn.jpg",
      "descricao": "Micro-ondas 32L com tecnologia Inverter.",
      "imagem_url": "",
      "ficha_tecnica_url": ""
    },
    {
      "id": "63",
      "categoria": "Micro-ondas",
      "categoria_id": 10,
      "marca": "Whirlpool",
      "marca_id": 27,
      "modelo": "MWP 3391 SX",
      "preco": 329.00,
      "loja": "MediaMarkt",
      "imagem": "img/whirlpool_mwp.jpg",
      "descricao": "Micro-ondas com grill e função Supreme Chef.",
      "imagem_url": "",
      "ficha_tecnica_url": ""
    },
    {
      "id": "64",
      "categoria": "Micro-ondas",
      "categoria_id": 10,
      "marca": "LG",
      "marca_id": 18,
      "modelo": "MH6565CPS NeoChef",
      "preco": 179.00,
      "loja": "FNAC",
      "imagem": "img/lg_neochef.jpg",
      "descricao": "Smart Inverter e revestimento EasyClean.",
      "imagem_url": "",
      "ficha_tecnica_url": ""
    },
    {
      "id": "65",
      "categoria": "Micro-ondas",
      "categoria_id": 10,
      "marca": "Teka",
      "marca_id": 32,
      "modelo": "MWE 230 G",
      "preco": 89.00,
      "loja": "Worten",
      "imagem": "img/teka_mwe.jpg",
      "descricao": "Micro-ondas com grill económico 23L.",
      "imagem_url": "",
      "ficha_tecnica_url": ""
    },
    {
      "id": "66",
      "categoria": "Aspiradores",
      "categoria_id": 11,
      "marca": "Dyson",
      "marca_id": 19,
      "modelo": "V15 Detect Absolute",
      "preco": 749.00,
      "loja": "Dyson Portugal",
      "imagem": "img/dyson_v15.jpg",
      "descricao": "Aspirador sem fios com deteção laser de pó.",
      "imagem_url": "",
      "ficha_tecnica_url": ""
    },
    {
      "id": "67",
      "categoria": "Aspiradores",
      "categoria_id": 11,
      "marca": "Xiaomi",
      "marca_id": 15,
      "modelo": "Mi Vacuum Cleaner G10",
      "preco": 299.00,
      "loja": "Worten",
      "imagem": "img/xiaomi_g10.jpg",
      "descricao": "Aspirador vertical sem fios com display LCD.",
      "imagem_url": "",
      "ficha_tecnica_url": ""
    },
    {
      "id": "68",
      "categoria": "Aspiradores",
      "categoria_id": 11,
      "marca": "Rowenta",
      "marca_id": 33,
      "modelo": "RO7681EA X-Force Flex",
      "preco": 379.00,
      "loja": "MediaMarkt",
      "imagem": "img/rowenta_xforce.jpg",
      "descricao": "Aspirador sem fios flexível com LED Vision.",
      "imagem_url": "",
      "ficha_tecnica_url": ""
    },
    {
      "id": "69",
      "categoria": "Aspiradores",
      "categoria_id": 11,
      "marca": "iRobot",
      "marca_id": 34,
      "modelo": "Roomba j7+",
      "preco": 799.00,
      "loja": "FNAC",
      "imagem": "img/roomba_j7.jpg",
      "descricao": "Robot aspirador com esvaziamento automático.",
      "imagem_url": "",
      "ficha_tecnica_url": ""
    },
    {
      "id": "70",
      "categoria": "Aspiradores",
      "categoria_id": 11,
      "marca": "Philips",
      "marca_id": 12,
      "modelo": "SpeedPro Max XC8347",
      "preco": 449.00,
      "loja": "Worten",
      "imagem": "img/philips_speedpro.jpg",
      "descricao": "Aspirador sem fios 360° com tecnologia PowerBlade.",
      "imagem_url": "",
      "ficha_tecnica_url": ""
    },
    {
      "id": "71",
      "categoria": "Ar Condicionado",
      "categoria_id": 12,
      "marca": "Daikin",
      "marca_id": 35,
      "modelo": "FTXM35R Perfera",
      "preco": 899.00,
      "loja": "Worten",
      "imagem": "img/daikin_perfera.jpg",
      "descricao": "Ar condicionado split 12.000 BTU inverter A+++.",
      "imagem_url": "",
      "ficha_tecnica_url": ""
    },
    {
      "id": "72",
      "categoria": "Ar Condicionado",
      "categoria_id": 12,
      "marca": "Mitsubishi",
      "marca_id": 36,
      "modelo": "MSZ-HR35VF",
      "preco": 849.00,
      "loja": "MediaMarkt",
      "imagem": "img/mitsubishi_hr35.jpg",
      "descricao": "Split inverter com filtro catechin e plasma quad.",
      "imagem_url": "",
      "ficha_tecnica_url": ""
    },
    {
      "id": "73",
      "categoria": "Ar Condicionado",
      "categoria_id": 12,
      "marca": "LG",
      "marca_id": 18,
      "modelo": "S09ET Dual Inverter",
      "preco": 699.00,
      "loja": "FNAC",
      "imagem": "img/lg_s09et.jpg",
      "descricao": "Tecnologia Dual Inverter para poupança energética.",
      "imagem_url": "",
      "ficha_tecnica_url": ""
    },
    {
      "id": "74",
      "categoria": "Ar Condicionado",
      "categoria_id": 12,
      "marca": "Samsung",
      "marca_id": 2,
      "modelo": "AR09TXFCAWKNEU WindFree",
      "preco": 799.00,
      "loja": "Samsung Portugal",
      "imagem": "img/samsung_windfree.jpg",
      "descricao": "Ar condicionado sem corrente de ar direta WindFree.",
      "imagem_url": "",
      "ficha_tecnica_url": ""
    },
    {
      "id": "75",
      "categoria": "Ar Condicionado",
      "categoria_id": 12,
      "marca": "Fujitsu",
      "marca_id": 37,
      "modelo": "ASYG09KXCA",
      "preco": 649.00,
      "loja": "Worten",
      "imagem": "img/fujitsu_asyg.jpg",
      "descricao": "Split inverter compacto 9.000 BTU classe A++.",
      "imagem_url": "",
      "ficha_tecnica_url": ""
    },
    {
      "id": "76",
      "categoria": "Máquinas de Café",
      "categoria_id": 13,
      "marca": "De'Longhi",
      "marca_id": 38,
      "modelo": "Magnifica S ECAM 22.110",
      "preco": 399.00,
      "loja": "FNAC",
      "imagem": "img/delonghi_magnifica.jpg",
      "descricao": "Máquina de café automática com moinho integrado.",
      "imagem_url": "",
      "ficha_tecnica_url": ""
    },
    {
      "id": "77",
      "categoria": "Máquinas de Café",
      "categoria_id": 13,
      "marca": "Nespresso",
      "marca_id": 39,
      "modelo": "Vertuo Next",
      "preco": 149.00,
      "loja": "Worten",
      "imagem": "img/nespresso_vertuo.jpg",
      "descricao": "Sistema de cápsulas Vertuo com 5 tamanhos de café.",
      "imagem_url": "",
      "ficha_tecnica_url": ""
    },
    {
      "id": "78",
      "categoria": "Máquinas de Café",
      "categoria_id": 13,
      "marca": "Sage",
      "marca_id": 40,
      "modelo": "The Barista Pro",
      "preco": 649.00,
      "loja": "MediaMarkt",
      "imagem": "img/sage_barista.jpg",
      "descricao": "Máquina espresso profissional com vaporizador.",
      "imagem_url": "",
      "ficha_tecnica_url": ""
    },
    {
      "id": "79",
      "categoria": "Máquinas de Café",
      "categoria_id": 13,
      "marca": "Philips",
      "marca_id": 12,
      "modelo": "3200 LatteGo EP3246",
      "preco": 549.00,
      "loja": "Philips Portugal",
      "imagem": "img/philips_lattego.jpg",
      "descricao": "Automática com sistema LatteGo para cappuccino.",
      "imagem_url": "",
      "ficha_tecnica_url": ""
    },
    {
      "id": "80",
      "categoria": "Máquinas de Café",
      "categoria_id": 13,
      "marca": "Krups",
      "marca_id": 41,
      "modelo": "Dolce Gusto Genio S Plus",
      "preco": 89.00,
      "loja": "Worten",
      "imagem": "img/krups_genio.jpg",
      "descricao": "Máquina de cápsulas compacta e inteligente.",
      "imagem_url": "",
      "ficha_tecnica_url": ""
    }
  ]
}
